precision,recall
0.1336322869955157,1.0
0.13375224416517056,1.0
0.13387241689128482,1.0
0.13399280575539568,1.0
0.1341134113411341,1.0
0.13423423423423422,1.0
0.13435527502254282,1.0
0.13447653429602888,1.0
0.13459801264679314,1.0
0.13471971066907776,1.0
0.134841628959276,1.0
0.13496376811594202,1.0
0.13508612873980055,1.0
0.13520871143375682,1.0
0.13533151680290645,1.0
0.13570127504553733,1.0
0.1358249772105743,1.0
0.13594890510948904,1.0
0.13607305936073058,1.0
0.13619744058500913,1.0
0.13632204940530648,1.0
0.13644688644688643,1.0
0.13657195233730524,1.0
0.13669724770642203,1.0
0.13682277318640956,1.0
0.13694852941176472,1.0
0.13707451701931922,1.0
0.13720073664825047,1.0
0.13732718894009216,1.0
0.13745387453874539,1.0
0.13758079409048937,1.0
0.1377079482439926,1.0
0.13783533765032377,1.0
0.13796296296296295,1.0
0.1380908248378128,1.0
0.13821892393320964,1.0
0.13834726090993502,1.0
0.13847583643122677,1.0
0.1386046511627907,1.0
0.1387337057728119,1.0
0.13886300093196646,1.0
0.13899253731343283,1.0
0.13912231559290383,1.0
0.13925233644859814,1.0
0.13938260056127222,1.0
0.13951310861423222,1.0
0.13964386129334583,1.0
0.1397748592870544,1.0
0.13990610328638498,1.0
0.1400375939849624,1.0
0.14016933207902163,1.0
0.14030131826741996,1.0
0.14043355325164938,1.0
0.14056603773584905,1.0
0.14069877242681775,1.0
0.14083175803402648,1.0
0.14096499526963102,1.0
0.14109848484848486,1.0
0.14123222748815165,1.0
0.1413662239089184,1.0
0.14150047483380818,1.0
0.14163498098859315,1.0
0.14176974310180782,1.0
0.1419047619047619,1.0
0.14204003813155386,1.0
0.14217557251908397,1.0
0.14231136580706782,1.0
0.14244741873804972,1.0
0.14258373205741626,1.0
0.14272030651340997,1.0
0.14285714285714285,1.0
0.14299424184261036,1.0
0.1431316042267051,1.0
0.14326923076923076,1.0
0.14340712223291627,1.0
0.14354527938342967,1.0
0.14368370298939248,1.0
0.1438223938223938,1.0
0.14396135265700483,1.0
0.14410058027079303,1.0
0.1442400774443369,1.0
0.14437984496124032,1.0
0.14451988360814744,1.0
0.14466019417475728,1.0
0.14480077745383868,1.0
0.14494163424124515,1.0
0.1450827653359299,1.0
0.145224171539961,1.0
0.14536585365853658,1.0
0.1455078125,1.0
0.14565004887585534,1.0
0.14579256360078277,1.0
0.14593535749265427,1.0
0.14607843137254903,1.0
0.14622178606476938,1.0
0.14636542239685657,1.0
0.14650934119960668,1.0
0.1466535433070866,1.0
0.14679802955665025,1.0
0.14694280078895464,1.0
0.14708785784797632,1.0
0.14723320158102768,1.0
0.14737883283877348,1.0
0.14752475247524752,1.0
0.14767096134786917,1.0
0.14781746031746032,1.0
0.14796425024826215,1.0
0.1481113320079523,1.0
0.1482587064676617,1.0
0.14840637450199204,1.0
0.1485543369890329,1.0
0.14870259481037923,1.0
0.14885114885114886,1.0
0.149,1.0
0.14914914914914915,1.0
0.1492985971943888,1.0
0.14944834503510532,1.0
0.1495983935742972,1.0
0.14974874371859295,1.0
0.14989939637826963,1.0
0.1500503524672709,1.0
0.1502016129032258,1.0
0.1503531786074672,1.0
0.1505050505050505,1.0
0.1506572295247725,1.0
0.1508097165991903,1.0
0.15096251266464034,1.0
0.1511156186612576,1.0
0.15126903553299492,1.0
0.15142276422764228,1.0
0.1515768056968464,1.0
0.15173116089613034,1.0
0.15188583078491336,1.0
0.1520408163265306,1.0
0.15219611848825332,1.0
0.1523517382413088,1.0
0.15250767656090072,1.0
0.1526639344262295,1.0
0.15282051282051282,1.0
0.15297741273100615,1.0
0.15313463514902365,1.0
0.15329218106995884,1.0
0.15345005149330587,1.0
0.15360824742268042,1.0
0.15376676986584106,1.0
0.15392561983471073,1.0
0.15408479834539815,1.0
0.15424430641821946,1.0
0.1544041450777202,1.0
0.1545643153526971,1.0
0.15472481827622014,1.0
0.1548856548856549,1.0
0.1550468262226847,1.0
0.15520833333333334,1.0
0.1553701772679875,1.0
0.15553235908141963,1.0
0.15569487983281086,1.0
0.15585774058577406,1.0
0.15602094240837697,1.0
0.15618448637316562,1.0
0.15634837355718784,1.0
0.1565126050420168,1.0
0.15667718191377497,1.0
0.1568421052631579,1.0
0.15700737618545837,1.0
0.1571729957805907,1.0
0.1573389651531151,1.0
0.15750528541226216,1.0
0.15767195767195769,1.0
0.15783898305084745,1.0
0.15800636267232238,1.0
0.15817409766454352,1.0
0.15834218916046758,1.0
0.15851063829787235,1.0
0.15867944621938232,1.0
0.15884861407249468,1.0
0.15901814300960512,1.0
0.15918803418803418,1.0
0.15935828877005348,1.0
0.15952890792291222,1.0
0.15969989281886388,1.0
0.15987124463519314,1.0
0.16004296455424274,1.0
0.16021505376344086,1.0
0.1603875134553283,1.0
0.16056034482758622,1.0
0.16073354908306364,1.0
0.16090712742980562,1.0
0.16108108108108107,1.0
0.16125541125541126,1.0
0.16143011917659805,1.0
0.1616052060737527,1.0
0.16178067318132464,1.0
0.16195652173913044,1.0
0.16213275299238303,1.0
0.16230936819172112,1.0
0.1624863685932388,1.0
0.16266375545851527,1.0
0.1628415300546448,1.0
0.16301969365426697,1.0
0.16319824753559695,1.0
0.16337719298245615,1.0
0.16355653128430298,1.0
0.16373626373626374,1.0
0.1639163916391639,1.0
0.16409691629955947,1.0
0.16427783902976847,1.0
0.16445916114790288,1.0
0.16464088397790055,1.0
0.16482300884955753,1.0
0.16500553709856036,1.0
0.16518847006651885,1.0
0.16537180910099888,1.0
0.16555555555555557,1.0
0.1657397107897664,1.0
0.16592427616926503,1.0
0.16610925306577481,1.0
0.16629464285714285,1.0
0.1664804469273743,1.0
0.16666666666666666,1.0
0.16685330347144456,1.0
0.16704035874439463,1.0
0.16722783389450055,1.0
0.16741573033707866,1.0
0.16760404949381327,1.0
0.1677927927927928,1.0
0.16798196166854565,1.0
0.16817155756207675,1.0
0.16836158192090395,1.0
0.16855203619909503,1.0
0.16874292185730463,1.0
0.1689342403628118,1.0
0.16912599318955732,1.0
0.1693181818181818,1.0
0.1695108077360637,1.0
0.16970387243735763,1.0
0.16989737742303307,1.0
0.17009132420091325,1.0
0.1702857142857143,1.0
0.17048054919908467,1.0
0.1706758304696449,1.0
0.17087155963302753,1.0
0.17106773823191734,1.0
0.17126436781609194,1.0
0.1714614499424626,1.0
0.1716589861751152,1.0
0.17185697808535177,1.0
0.1720554272517321,1.0
0.1722543352601156,1.0
0.1724537037037037,1.0
0.17265353418308227,1.0
0.1728538283062645,1.0
0.17305458768873402,1.0
0.17325581395348838,1.0
0.17345750873108265,1.0
0.17365967365967366,1.0
0.17386231038506417,1.0
0.17406542056074767,1.0
0.1742690058479532,1.0
0.17447306791569087,1.0
0.1746776084407972,1.0
0.17488262910798122,1.0
0.17508813160987075,1.0
0.17529411764705882,1.0
0.17550058892815076,1.0
0.17570754716981132,1.0
0.17591499409681227,1.0
0.17612293144208038,1.0
0.17633136094674556,1.0
0.17654028436018956,1.0
0.1767497034400949,1.0
0.17695961995249407,1.0
0.17717003567181927,1.0
0.1773809523809524,1.0
0.17759237187127533,1.0
0.17780429594272076,1.0
0.17801672640382318,1.0
0.17822966507177032,1.0
0.1784431137724551,1.0
0.1788715486194478,1.0
0.17908653846153846,1.0
0.1793020457280385,1.0
0.17951807228915662,1.0
0.17973462002412546,1.0
0.17995169082125603,1.0
0.18016928657799275,1.0
0.18038740920096852,1.0
0.1806060606060606,1.0
0.1808252427184466,1.0
0.181044957472661,1.0
0.1814859926918392,1.0
0.18304668304668303,1.0
0.18327183271832717,1.0
0.1834975369458128,1.0
0.18372379778051787,1.0
0.18395061728395062,1.0
0.1841779975278121,1.0
0.1844059405940594,1.0
0.18463444857496902,1.0
0.184863523573201,1.0
0.18509316770186335,1.0
0.18407960199004975,0.9932885906040269
0.1843088418430884,0.9932885906040269
0.18453865336658354,0.9932885906040269
0.18476903870162298,0.9932885906040269
0.18523153942428036,0.9932885906040269
0.18546365914786966,0.9932885906040269
0.18569636135508155,0.9932885906040269
0.18592964824120603,0.9932885906040269
0.1861635220125786,0.9932885906040269
0.18639798488664988,0.9932885906040269
0.18663303909205547,0.9932885906040269
0.18686868686868688,0.9932885906040269
0.18710493046776233,0.9932885906040269
0.18734177215189873,0.9932885906040269
0.18757921419518378,0.9932885906040269
0.18781725888324874,0.9932885906040269
0.1880559085133418,0.9932885906040269
0.18829516539440203,0.9932885906040269
0.18853503184713377,0.9932885906040269
0.18877551020408162,0.9932885906040269
0.18901660280970625,0.9932885906040269
0.18925831202046037,0.9932885906040269
0.18950064020486557,0.9932885906040269
0.18974358974358974,0.9932885906040269
0.18998716302952504,0.9932885906040269
0.19023136246786632,0.9932885906040269
0.19047619047619047,0.9932885906040269
0.19072164948453607,0.9932885906040269
0.19096774193548388,0.9932885906040269
0.19121447028423771,0.9932885906040269
0.19146183699870634,0.9932885906040269
0.19170984455958548,0.9932885906040269
0.191958495460441,0.9932885906040269
0.19220779220779222,0.9932885906040269
0.19245773732119636,0.9932885906040269
0.19270833333333334,0.9932885906040269
0.19295958279009126,0.9932885906040269
0.19321148825065274,0.9932885906040269
0.1934640522875817,0.9932885906040269
0.193717277486911,0.9932885906040269
0.19397116644823068,0.9932885906040269
0.1942257217847769,0.9932885906040269
0.19448094612352168,0.9932885906040269
0.19473684210526315,0.9932885906040269
0.19499341238471674,0.9932885906040269
0.19525065963060687,0.9932885906040269
0.1955085865257596,0.9932885906040269
0.19576719576719576,0.9932885906040269
0.19602649006622516,0.9932885906040269
0.1962864721485411,0.9932885906040269
0.19654714475431606,0.9932885906040269
0.19680851063829788,0.9932885906040269
0.1970705725699068,0.9932885906040269
0.19733333333333333,0.9932885906040269
0.19759679572763686,0.9932885906040269
0.19786096256684493,0.9932885906040269
0.19812583668005354,0.9932885906040269
0.19839142091152814,0.9932885906040269
0.19865771812080538,0.9932885906040269
0.1989247311827957,0.9932885906040269
0.19919246298788695,0.9932885906040269
0.19946091644204852,0.9932885906040269
0.19973009446693657,0.9932885906040269
0.2,0.9932885906040269
0.20027063599458728,0.9932885906040269
0.2005420054200542,0.9932885906040269
0.20081411126187246,0.9932885906040269
0.20108695652173914,0.9932885906040269
0.20136054421768707,0.9932885906040269
0.2016348773841962,0.9932885906040269
0.2019099590723056,0.9932885906040269
0.20218579234972678,0.9932885906040269
0.2024623803009576,0.9932885906040269
0.20273972602739726,0.9932885906040269
0.2030178326474623,0.9932885906040269
0.2032967032967033,0.9932885906040269
0.20357634112792297,0.9932885906040269
0.20385674931129477,0.9932885906040269
0.20413793103448277,0.9932885906040269
0.20470262793914246,0.9932885906040269
0.20498614958448755,0.9932885906040269
0.20527045769764216,0.9932885906040269
0.20555555555555555,0.9932885906040269
0.20584144645340752,0.9932885906040269
0.20612813370473537,0.9932885906040269
0.20641562064156208,0.9932885906040269
0.20670391061452514,0.9932885906040269
0.206993006993007,0.9932885906040269
0.20728291316526612,0.9932885906040269
0.20757363253856942,0.9932885906040269
0.20786516853932585,0.9932885906040269
0.20815752461322082,0.9932885906040269
0.2084507042253521,0.9932885906040269
0.20874471086036672,0.9932885906040269
0.20903954802259886,0.9932885906040269
0.20933521923620935,0.9932885906040269
0.2096317280453258,0.9932885906040269
0.2099290780141844,0.9932885906040269
0.21022727272727273,0.9932885906040269
0.21052631578947367,0.9932885906040269
0.21082621082621084,0.9932885906040269
0.21112696148359486,0.9932885906040269
0.21142857142857144,0.9932885906040269
0.2117310443490701,0.9932885906040269
0.21203438395415472,0.9932885906040269
0.21233859397417504,0.9932885906040269
0.21264367816091953,0.9932885906040269
0.21294964028776978,0.9932885906040269
0.2132564841498559,0.9932885906040269
0.21356421356421357,0.9932885906040269
0.2138728323699422,0.9932885906040269
0.2141823444283647,0.9932885906040269
0.2144927536231884,0.9932885906040269
0.21480406386066764,0.9932885906040269
0.21511627906976744,0.9932885906040269
0.21542940320232898,0.9932885906040269
0.21574344023323616,0.9932885906040269
0.21605839416058395,0.9932885906040269
0.21637426900584794,0.9932885906040269
0.21669106881405564,0.9932885906040269
0.21700879765395895,0.9932885906040269
0.2173274596182085,0.9932885906040269
0.21764705882352942,0.9932885906040269
0.21796759941089838,0.9932885906040269
0.2182890855457227,0.9932885906040269
0.21861152141802068,0.9932885906040269
0.21893491124260356,0.9932885906040269
0.21925925925925926,0.9932885906040269
0.2195845697329377,0.9932885906040269
0.2199108469539376,0.9932885906040269
0.22023809523809523,0.9932885906040269
0.22056631892697467,0.9932885906040269
0.2208955223880597,0.9932885906040269
0.22122571001494767,0.9932885906040269
0.2215568862275449,0.9932885906040269
0.22188905547226387,0.9932885906040269
0.2222222222222222,0.9932885906040269
0.22255639097744362,0.9932885906040269
0.22289156626506024,0.9932885906040269
0.22322775263951736,0.9932885906040269
0.22356495468277945,0.9932885906040269
0.22390317700453857,0.9932885906040269
0.22424242424242424,0.9932885906040269
0.22458270106221548,0.9932885906040269
0.22492401215805471,0.9932885906040269
0.2252663622526636,0.9932885906040269
0.22560975609756098,0.9932885906040269
0.22595419847328244,0.9932885906040269
0.22629969418960244,0.9932885906040269
0.22664624808575803,0.9932885906040269
0.22699386503067484,0.9932885906040269
0.22734254992319508,0.9932885906040269
0.2276923076923077,0.9932885906040269
0.2280431432973806,0.9932885906040269
0.22839506172839505,0.9932885906040269
0.2287480680061824,0.9932885906040269
0.22910216718266255,0.9932885906040269
0.22981366459627328,0.9932885906040269
0.2301710730948678,0.9932885906040269
0.23052959501557632,0.9932885906040269
0.23125,0.9932885906040269
0.23161189358372458,0.9932885906040269
0.23197492163009403,0.9932885906040269
0.23233908948194662,0.9932885906040269
0.23270440251572327,0.9932885906040269
0.23307086614173228,0.9932885906040269
0.2334384858044164,0.9932885906040269
0.23380726698262244,0.9932885906040269
0.23417721518987342,0.9932885906040269
0.23454833597464342,0.9932885906040269
0.23492063492063492,0.9932885906040269
0.23529411764705882,0.9932885906040269
0.2356687898089172,0.9932885906040269
0.23604465709728867,0.9932885906040269
0.2364217252396166,0.9932885906040269
0.2368,0.9932885906040269
0.23717948717948717,0.9932885906040269
0.2375601926163724,0.9932885906040269
0.2379421221864952,0.9932885906040269
0.23832528180354268,0.9932885906040269
0.23870967741935484,0.9932885906040269
0.23909531502423265,0.9932885906040269
0.23948220064724918,0.9932885906040269
0.23987034035656402,0.9932885906040269
0.24025974025974026,0.9932885906040269
0.24065040650406505,0.9932885906040269
0.24104234527687296,0.9932885906040269
0.24143556280587275,0.9932885906040269
0.24183006535947713,0.9932885906040269
0.24222585924713586,0.9932885906040269
0.24262295081967214,0.9932885906040269
0.24302134646962234,0.9932885906040269
0.24342105263157895,0.9932885906040269
0.24422442244224424,0.9932885906040269
0.24462809917355371,0.9932885906040269
0.24503311258278146,0.9932885906040269
0.24543946932006633,0.9932885906040269
0.24584717607973422,0.9932885906040269
0.24625623960066556,0.9932885906040269
0.24666666666666667,0.9932885906040269
0.24707846410684475,0.9932885906040269
0.24749163879598662,0.9932885906040269
0.24790619765494137,0.9932885906040269
0.2483221476510067,0.9932885906040269
0.24915824915824916,0.9932885906040269
0.24957841483979765,0.9932885906040269
0.25,0.9932885906040269
0.25042301184433163,0.9932885906040269
0.25084745762711863,0.9932885906040269
0.25127334465195245,0.9932885906040269
0.25170068027210885,0.9932885906040269
0.252129471890971,0.9932885906040269
0.2525597269624573,0.9932885906040269
0.252991452991453,0.9932885906040269
0.2534246575342466,0.9932885906040269
0.2538593481989708,0.9932885906040269
0.2542955326460481,0.9932885906040269
0.25517241379310346,0.9932885906040269
0.2556131260794473,0.9932885906040269
0.2560553633217993,0.9932885906040269
0.2564991334488735,0.9932885906040269
0.2569444444444444,0.9932885906040269
0.2573913043478261,0.9932885906040269
0.2578397212543554,0.9932885906040269
0.2582897033158813,0.9932885906040269
0.25874125874125875,0.9932885906040269
0.2591943957968476,0.9932885906040269
0.2596491228070175,0.9932885906040269
0.2601054481546573,0.9932885906040269
0.2605633802816901,0.9932885906040269
0.26102292768959434,0.9932885906040269
0.26148409893992935,0.9932885906040269
0.26194690265486725,0.9932885906040269
0.2624113475177305,0.9932885906040269
0.26287744227353466,0.9932885906040269
0.26334519572953735,0.9932885906040269
0.2638146167557932,0.9932885906040269
0.26475849731663686,0.9932885906040269
0.26523297491039427,0.9932885906040269
0.26570915619389585,0.9932885906040269
0.26618705035971224,0.9932885906040269
0.26666666666666666,0.9932885906040269
0.26763110307414106,0.9932885906040269
0.26811594202898553,0.9932885906040269
0.26860254083484575,0.9932885906040269
0.2690909090909091,0.9932885906040269
0.26958105646630237,0.9932885906040269
0.27007299270072993,0.9932885906040269
0.27056672760511885,0.9932885906040269
0.27106227106227104,0.9932885906040269
0.27155963302752295,0.9932885906040269
0.27205882352941174,0.9932885906040269
0.27255985267034993,0.9932885906040269
0.2730627306273063,0.9932885906040269
0.2735674676524954,0.9932885906040269
0.2740740740740741,0.9932885906040269
0.274582560296846,0.9932885906040269
0.275092936802974,0.9932885906040269
0.2756052141527002,0.9932885906040269
0.27611940298507465,0.9932885906040269
0.2766355140186916,0.9932885906040269
0.27715355805243447,0.9932885906040269
0.2776735459662289,0.9932885906040269
0.2781954887218045,0.9932885906040269
0.2787193973634652,0.9932885906040269
0.27977315689981097,0.9932885906040269
0.2803030303030303,0.9932885906040269
0.2808349146110057,0.9932885906040269
0.2813688212927757,0.9932885906040269
0.2819047619047619,0.9932885906040269
0.2824427480916031,0.9932885906040269
0.2835249042145594,0.9932885906040269
0.2840690978886756,0.9932885906040269
0.2846153846153846,0.9932885906040269
0.28516377649325625,0.9932885906040269
0.2857142857142857,0.9932885906040269
0.2862669245647969,0.9932885906040269
0.287378640776699,0.9932885906040269
0.28793774319066145,0.9932885906040269
0.2884990253411306,0.9932885906040269
0.2890625,0.9932885906040269
0.2896281800391389,0.9932885906040269
0.2901960784313726,0.9932885906040269
0.2907662082514735,0.9932885906040269
0.29133858267716534,0.9932885906040269
0.29191321499013806,0.9932885906040269
0.2924901185770751,0.9932885906040269
0.29306930693069305,0.9932885906040269
0.29365079365079366,0.9932885906040269
0.294234592445328,0.9932885906040269
0.2948207171314741,0.9932885906040269
0.2954091816367265,0.9932885906040269
0.296,0.9932885906040269
0.2965931863727455,0.9932885906040269
0.2971887550200803,0.9932885906040269
0.2977867203219316,0.9932885906040269
0.29838709677419356,0.9932885906040269
0.298989898989899,0.9932885906040269
0.29959514170040485,0.9932885906040269
0.3002028397565923,0.9932885906040269
0.3008130081300813,0.9932885906040269
0.3014256619144603,0.9932885906040269
0.3020408163265306,0.9932885906040269
0.30265848670756645,0.9932885906040269
0.30327868852459017,0.9932885906040269
0.30390143737166325,0.9932885906040269
0.3045267489711934,0.9932885906040269
0.30515463917525776,0.9932885906040269
0.30578512396694213,0.9932885906040269
0.3064182194616977,0.9932885906040269
0.3070539419087137,0.9932885906040269
0.3076923076923077,0.9932885906040269
0.30833333333333335,0.9932885906040269
0.3089770354906054,0.9932885906040269
0.30962343096234307,0.9932885906040269
0.31027253668763105,0.9932885906040269
0.31092436974789917,0.9932885906040269
0.31157894736842107,0.9932885906040269
0.31223628691983124,0.9932885906040269
0.3128964059196617,0.9932885906040269
0.3135593220338983,0.9932885906040269
0.31422505307855625,0.9932885906040269
0.3148936170212766,0.9932885906040269
0.3162393162393162,0.9932885906040269
0.3169164882226981,0.9932885906040269
0.31759656652360513,0.9932885906040269
0.31827956989247314,0.9932885906040269
0.31896551724137934,0.9932885906040269
0.31965442764578833,0.9932885906040269
0.3203463203463203,0.9932885906040269
0.3210412147505423,0.9932885906040269
0.3217391304347826,0.9932885906040269
0.3224400871459695,0.9932885906040269
0.3231441048034934,0.9932885906040269
0.3238512035010941,0.9932885906040269
0.32456140350877194,0.9932885906040269
0.3252747252747253,0.9932885906040269
0.32599118942731276,0.9932885906040269
0.32671081677704195,0.9932885906040269
0.3274336283185841,0.9932885906040269
0.328159645232816,0.9932885906040269
0.3288888888888889,0.9932885906040269
0.32962138084632514,0.9932885906040269
0.33035714285714285,0.9932885906040269
0.33109619686800895,0.9932885906040269
0.33183856502242154,0.9932885906040269
0.3325842696629214,0.9932885906040269
0.3333333333333333,0.9932885906040269
0.33182844243792325,0.9865771812080537
0.332579185520362,0.9865771812080537
0.3333333333333333,0.9865771812080537
0.3340909090909091,0.9865771812080537
0.3348519362186788,0.9865771812080537
0.3356164383561644,0.9865771812080537
0.33638443935926776,0.9865771812080537
0.33715596330275227,0.9865771812080537
0.33793103448275863,0.9865771812080537
0.3387096774193548,0.9865771812080537
0.3394919168591224,0.9865771812080537
0.3402777777777778,0.9865771812080537
0.34106728538283065,0.9865771812080537
0.34186046511627904,0.9865771812080537
0.34265734265734266,0.9865771812080537
0.34345794392523366,0.9865771812080537
0.3442622950819672,0.9865771812080537
0.34507042253521125,0.9865771812080537
0.3458823529411765,0.9865771812080537
0.3466981132075472,0.9865771812080537
0.3475177304964539,0.9865771812080537
0.34834123222748814,0.9865771812080537
0.3491686460807601,0.9865771812080537
0.35,0.9865771812080537
0.35083532219570407,0.9865771812080537
0.35167464114832536,0.9865771812080537
0.35251798561151076,0.9865771812080537
0.35336538461538464,0.9865771812080537
0.3542168674698795,0.9865771812080537
0.35507246376811596,0.9865771812080537
0.3559322033898305,0.9865771812080537
0.3567961165048544,0.9865771812080537
0.35766423357664234,0.9865771812080537
0.35853658536585364,0.9865771812080537
0.3594132029339853,0.9865771812080537
0.3602941176470588,0.9865771812080537
0.36117936117936117,0.9865771812080537
0.3620689655172414,0.9865771812080537
0.362962962962963,0.9865771812080537
0.36386138613861385,0.9865771812080537
0.36476426799007444,0.9865771812080537
0.3656716417910448,0.9865771812080537
0.36658354114713215,0.9865771812080537
0.3675,0.9865771812080537
0.3684210526315789,0.9865771812080537
0.3693467336683417,0.9865771812080537
0.3702770780856423,0.9865771812080537
0.3712121212121212,0.9865771812080537
0.3721518987341772,0.9865771812080537
0.3730964467005076,0.9865771812080537
0.37404580152671757,0.9865771812080537
0.375,0.9865771812080537
0.37595907928388744,0.9865771812080537
0.3769230769230769,0.9865771812080537
0.37789203084832906,0.9865771812080537
0.3788659793814433,0.9865771812080537
0.3798449612403101,0.9865771812080537
0.38082901554404147,0.9865771812080537
0.38181818181818183,0.9865771812080537
0.3828125,0.9865771812080537
0.3838120104438642,0.9865771812080537
0.38481675392670156,0.9865771812080537
0.3858267716535433,0.9865771812080537
0.3868421052631579,0.9865771812080537
0.38786279683377306,0.9865771812080537
0.3888888888888889,0.9865771812080537
0.38992042440318303,0.9865771812080537
0.39095744680851063,0.9865771812080537
0.392,0.9865771812080537
0.3941018766756032,0.9865771812080537
0.3951612903225806,0.9865771812080537
0.39622641509433965,0.9865771812080537
0.3972972972972973,0.9865771812080537
0.3983739837398374,0.9865771812080537
0.39945652173913043,0.9865771812080537
0.40054495912806537,0.9865771812080537
0.4016393442622951,0.9865771812080537
0.40273972602739727,0.9865771812080537
0.40384615384615385,0.9865771812080537
0.4049586776859504,0.9865771812080537
0.40607734806629836,0.9865771812080537
0.407202216066482,0.9865771812080537
0.4083333333333333,0.9865771812080537
0.40947075208913647,0.9865771812080537
0.4106145251396648,0.9865771812080537
0.4117647058823529,0.9865771812080537
0.41292134831460675,0.9865771812080537
0.4140845070422535,0.9865771812080537
0.4152542372881356,0.9865771812080537
0.4164305949008499,0.9865771812080537
0.41761363636363635,0.9865771812080537
0.4188034188034188,0.9865771812080537
0.42,0.9865771812080537
0.42120343839541546,0.9865771812080537
0.4224137931034483,0.9865771812080537
0.42363112391930835,0.9865771812080537
0.42485549132947975,0.9865771812080537
0.4260869565217391,0.9865771812080537
0.4273255813953488,0.9865771812080537
0.42857142857142855,0.9865771812080537
0.4298245614035088,0.9865771812080537
0.4310850439882698,0.9865771812080537
0.4323529411764706,0.9865771812080537
0.4336283185840708,0.9865771812080537
0.4349112426035503,0.9865771812080537
0.4362017804154303,0.9865771812080537
0.4375,0.9865771812080537
0.4388059701492537,0.9865771812080537
0.44011976047904194,0.9865771812080537
0.44144144144144143,0.9865771812080537
0.4427710843373494,0.9865771812080537
0.44410876132930516,0.9865771812080537
0.44545454545454544,0.9865771812080537
0.44680851063829785,0.9865771812080537
0.4481707317073171,0.9865771812080537
0.44954128440366975,0.9865771812080537
0.450920245398773,0.9865771812080537
0.4523076923076923,0.9865771812080537
0.4537037037037037,0.9865771812080537
0.4551083591331269,0.9865771812080537
0.45652173913043476,0.9865771812080537
0.45794392523364486,0.9865771812080537
0.459375,0.9865771812080537
0.4608150470219436,0.9865771812080537
0.46226415094339623,0.9865771812080537
0.4637223974763407,0.9865771812080537
0.4651898734177215,0.9865771812080537
0.4666666666666667,0.9865771812080537
0.4681528662420382,0.9865771812080537
0.4696485623003195,0.9865771812080537
0.47115384615384615,0.9865771812080537
0.47266881028938906,0.9865771812080537
0.47419354838709676,0.9865771812080537
0.47572815533980584,0.9865771812080537
0.4772727272727273,0.9865771812080537
0.4788273615635179,0.9865771812080537
0.4803921568627451,0.9865771812080537
0.4819672131147541,0.9865771812080537
0.48355263157894735,0.9865771812080537
0.48514851485148514,0.9865771812080537
0.4867549668874172,0.9865771812080537
0.4883720930232558,0.9865771812080537
0.49,0.9865771812080537
0.4916387959866221,0.9865771812080537
0.49328859060402686,0.9865771812080537
0.49829351535836175,0.9798657718120806
0.5,0.9798657718120806
0.5017182130584192,0.9798657718120806
0.503448275862069,0.9798657718120806
0.5051903114186851,0.9798657718120806
0.5069444444444444,0.9798657718120806
0.5087108013937283,0.9798657718120806
0.5104895104895105,0.9798657718120806
0.512280701754386,0.9798657718120806
0.5140845070422535,0.9798657718120806
0.5159010600706714,0.9798657718120806
0.5177304964539007,0.9798657718120806
0.5195729537366548,0.9798657718120806
0.5214285714285715,0.9798657718120806
0.5232974910394266,0.9798657718120806
0.5251798561151079,0.9798657718120806
0.5270758122743683,0.9798657718120806
0.5289855072463768,0.9798657718120806
0.5309090909090909,0.9798657718120806
0.5328467153284672,0.9798657718120806
0.5347985347985348,0.9798657718120806
0.5367647058823529,0.9798657718120806
0.5387453874538746,0.9798657718120806
0.5407407407407407,0.9798657718120806
0.5427509293680297,0.9798657718120806
0.5447761194029851,0.9798657718120806
0.5468164794007491,0.9798657718120806
0.5488721804511278,0.9798657718120806
0.5509433962264151,0.9798657718120806
0.5492424242424242,0.9731543624161074
0.5513307984790875,0.9731543624161074
0.5534351145038168,0.9731543624161074
0.5555555555555556,0.9731543624161074
0.5576923076923077,0.9731543624161074
0.5598455598455598,0.9731543624161074
0.562015503875969,0.9731543624161074
0.5642023346303502,0.9731543624161074
0.56640625,0.9731543624161074
0.5686274509803921,0.9731543624161074
0.5708661417322834,0.9731543624161074
0.5731225296442688,0.9731543624161074
0.5753968253968254,0.9731543624161074
0.5776892430278885,0.9731543624161074
0.58,0.9731543624161074
0.5823293172690763,0.9731543624161074
0.5846774193548387,0.9731543624161074
0.5870445344129555,0.9731543624161074
0.5894308943089431,0.9731543624161074
0.5918367346938775,0.9731543624161074
0.5942622950819673,0.9731543624161074
0.5967078189300411,0.9731543624161074
0.5991735537190083,0.9731543624161074
0.6016597510373444,0.9731543624161074
0.6041666666666666,0.9731543624161074
0.606694560669456,0.9731543624161074
0.6092436974789915,0.9731543624161074
0.6118143459915611,0.9731543624161074
0.614406779661017,0.9731543624161074
0.6170212765957447,0.9731543624161074
0.6196581196581197,0.9731543624161074
0.6223175965665236,0.9731543624161074
0.625,0.9731543624161074
0.6277056277056277,0.9731543624161074
0.6304347826086957,0.9731543624161074
0.6331877729257642,0.9731543624161074
0.6359649122807017,0.9731543624161074
0.6387665198237885,0.9731543624161074
0.6415929203539823,0.9731543624161074
0.6444444444444445,0.9731543624161074
0.6473214285714286,0.9731543624161074
0.6502242152466368,0.9731543624161074
0.6531531531531531,0.9731543624161074
0.6561085972850679,0.9731543624161074
0.6590909090909091,0.9731543624161074
0.6621004566210046,0.9731543624161074
0.6651376146788991,0.9731543624161074
0.6682027649769585,0.9731543624161074
0.6666666666666666,0.9664429530201343
0.6697674418604651,0.9664429530201343
0.6728971962616822,0.9664429530201343
0.676056338028169,0.9664429530201343
0.6792452830188679,0.9664429530201343
0.6824644549763034,0.9664429530201343
0.6857142857142857,0.9664429530201343
0.6889952153110048,0.9664429530201343
0.6923076923076923,0.9664429530201343
0.6956521739130435,0.9664429530201343
0.6990291262135923,0.9664429530201343
0.7024390243902439,0.9664429530201343
0.7058823529411765,0.9664429530201343
0.7093596059113301,0.9664429530201343
0.7079207920792079,0.959731543624161
0.7114427860696517,0.959731543624161
0.715,0.959731543624161
0.7185929648241206,0.959731543624161
0.7222222222222222,0.959731543624161
0.7258883248730964,0.959731543624161
0.7295918367346939,0.959731543624161
0.7333333333333333,0.959731543624161
0.7371134020618557,0.959731543624161
0.7409326424870466,0.959731543624161
0.7447916666666666,0.959731543624161
0.7486910994764397,0.959731543624161
0.7526315789473684,0.959731543624161
0.7566137566137566,0.959731543624161
0.7553191489361702,0.9530201342281879
0.7593582887700535,0.9530201342281879
0.7634408602150538,0.9530201342281879
0.7675675675675676,0.9530201342281879
0.7717391304347826,0.9530201342281879
0.7759562841530054,0.9530201342281879
0.7802197802197802,0.9530201342281879
0.7845303867403315,0.9530201342281879
0.7888888888888889,0.9530201342281879
0.7932960893854749,0.9530201342281879
0.797752808988764,0.9530201342281879
0.8022598870056498,0.9530201342281879
0.8068181818181818,0.9530201342281879
0.8160919540229885,0.9530201342281879
0.8208092485549133,0.9530201342281879
0.8255813953488372,0.9530201342281879
0.8304093567251462,0.9530201342281879
0.8352941176470589,0.9530201342281879
0.8402366863905325,0.9530201342281879
0.8452380952380952,0.9530201342281879
0.8502994011976048,0.9530201342281879
0.8554216867469879,0.9530201342281879
0.8606060606060606,0.9530201342281879
0.8658536585365854,0.9530201342281879
0.8711656441717791,0.9530201342281879
0.8703703703703703,0.9463087248322147
0.8757763975155279,0.9463087248322147
0.88125,0.9463087248322147
0.8867924528301887,0.9463087248322147
0.8860759493670886,0.9395973154362416
0.89171974522293,0.9395973154362416
0.8974358974358975,0.9395973154362416
0.9032258064516129,0.9395973154362416
0.9090909090909091,0.9395973154362416
0.9150326797385621,0.9395973154362416
0.9210526315789473,0.9395973154362416
0.9271523178807947,0.9395973154362416
0.9333333333333333,0.9395973154362416
0.9328859060402684,0.9328859060402684
0.9391891891891891,0.9328859060402684
0.9455782312925171,0.9328859060402684
0.952054794520548,0.9328859060402684
0.9517241379310345,0.9261744966442953
0.9583333333333334,0.9261744966442953
0.958041958041958,0.9194630872483222
0.9647887323943662,0.9194630872483222
0.9716312056737588,0.9194630872483222
0.9785714285714285,0.9194630872483222
0.9784172661870504,0.912751677852349
0.9782608695652174,0.9060402684563759
0.9854014598540146,0.9060402684563759
0.9926470588235294,0.9060402684563759
0.9925925925925926,0.8993288590604027
0.9925373134328358,0.8926174496644296
0.9924812030075187,0.8859060402684564
0.9924242424242424,0.8791946308724832
0.9923664122137404,0.87248322147651
0.9923076923076923,0.8657718120805369
0.9922480620155039,0.8590604026845637
0.9921875,0.8523489932885906
0.9921259842519685,0.8456375838926175
0.9920634920634921,0.8389261744966443
0.992,0.8322147651006712
0.9919354838709677,0.825503355704698
0.991869918699187,0.8187919463087249
0.9918032786885246,0.8120805369127517
0.9917355371900827,0.8053691275167785
0.9916666666666667,0.7986577181208053
0.9915966386554622,0.7919463087248322
0.9915254237288136,0.785234899328859
0.9914529914529915,0.7785234899328859
0.9913793103448276,0.7718120805369127
0.991304347826087,0.7651006711409396
0.9912280701754386,0.7583892617449665
0.9911504424778761,0.7516778523489933
0.9910714285714286,0.7449664429530202
0.990990990990991,0.738255033557047
1.0,0.738255033557047
1.0,0.7315436241610739
1.0,0.7248322147651006
1.0,0.7181208053691275
1.0,0.7114093959731543
1.0,0.7046979865771812
1.0,0.697986577181208
1.0,0.6912751677852349
1.0,0.6845637583892618
1.0,0.6778523489932886
1.0,0.6711409395973155
1.0,0.6644295302013423
1.0,0.6577181208053692
1.0,0.6510067114093959
1.0,0.6442953020134228
1.0,0.6375838926174496
1.0,0.6308724832214765
1.0,0.6241610738255033
1.0,0.6174496644295302
1.0,0.610738255033557
1.0,0.6040268456375839
1.0,0.5973154362416108
1.0,0.5906040268456376
1.0,0.5838926174496645
1.0,0.5771812080536913
1.0,0.5570469798657718
1.0,0.5503355704697986
1.0,0.5436241610738255
1.0,0.5369127516778524
1.0,0.5302013422818792
1.0,0.5234899328859061
1.0,0.5167785234899329
1.0,0.5033557046979866
1.0,0.4966442953020134
1.0,0.4899328859060403
1.0,0.48322147651006714
1.0,0.47651006711409394
1.0,0.4697986577181208
1.0,0.46308724832214765
1.0,0.4563758389261745
1.0,0.4429530201342282
1.0,0.436241610738255
1.0,0.42953020134228187
1.0,0.4228187919463087
1.0,0.4161073825503356
1.0,0.40939597315436244
1.0,0.40268456375838924
1.0,0.3959731543624161
1.0,0.38926174496644295
1.0,0.37583892617449666
1.0,0.3691275167785235
1.0,0.3624161073825503
1.0,0.35570469798657717
1.0,0.348993288590604
1.0,0.3422818791946309
1.0,0.33557046979865773
1.0,0.3288590604026846
1.0,0.3221476510067114
1.0,0.31543624161073824
1.0,0.3087248322147651
1.0,0.30201342281879195
1.0,0.2953020134228188
1.0,0.28859060402684567
1.0,0.28187919463087246
1.0,0.2751677852348993
1.0,0.2684563758389262
1.0,0.26174496644295303
1.0,0.2550335570469799
1.0,0.2483221476510067
1.0,0.24161073825503357
1.0,0.2348993288590604
1.0,0.22818791946308725
1.0,0.2214765100671141
1.0,0.21476510067114093
1.0,0.2080536912751678
1.0,0.20134228187919462
1.0,0.19463087248322147
1.0,0.18791946308724833
1.0,0.18120805369127516
1.0,0.174496644295302
1.0,0.16778523489932887
1.0,0.1610738255033557
1.0,0.15436241610738255
1.0,0.1342281879194631
1.0,0.12751677852348994
1.0,0.12080536912751678
1.0,0.11409395973154363
1.0,0.10738255033557047
1.0,0.10067114093959731
1.0,0.09395973154362416
1.0,0.08053691275167785
1.0,0.0738255033557047
1.0,0.06711409395973154
1.0,0.06040268456375839
1.0,0.053691275167785234
1.0,0.04697986577181208
1.0,0.040268456375838924
1.0,0.03355704697986577
1.0,0.026845637583892617
1.0,0.020134228187919462
1.0,0.013422818791946308
1.0,0.006711409395973154
1.0,0.0
